{
    "train": {
        "accuracy": 0.20000000298023224,
        "loss": 2.9572598934173584
    },
    "eval": {
        "accuracy": 0.3333333432674408,
        "loss": 2.1058640480041504
    },
    "step": 1
}
