step	accuracy
0	0.4000000059604645
1	0.3333333432674408
