step	loss
0	2.098102331161499
1	2.1058640480041504
