step	accuracy
0	0.800000011920929
1	0.20000000298023224
