step	loss
0	1.5247467756271362
1	2.9572598934173584
